module,exit,started_utc,finished_utc,free_bytes_before
vim,0,2026-09-20T17:03:02Z,2026-09-20T17:05:27Z,59346321408
emacs,0,2026-09-20T17:05:29Z,2026-09-20T17:07:44Z,59309285376
gawk,0,2026-09-20T17:07:47Z,2026-09-20T17:08:52Z,59233902592
original-awk,0,2026-09-20T17:08:53Z,2026-09-20T17:09:52Z,59227574272
nc-openbsd,0,2026-09-20T17:09:53Z,2026-09-20T17:11:00Z,59226976256
nc-traditional,0,2026-09-20T17:11:01Z,2026-09-20T17:12:16Z,59226329088
webserver,0,2026-09-20T17:12:16Z,2026-09-20T17:14:09Z,59225759744
apache,0,2026-09-20T17:14:11Z,2026-09-20T17:16:52Z,59182514176
mta-msmtp,0,2026-09-20T17:16:54Z,2026-09-20T17:18:09Z,59124756480
mta-nullmailer,0,2026-09-20T17:18:10Z,2026-09-20T17:19:19Z,59119521792
pytools,0,2026-09-20T17:19:20Z,2026-09-20T17:21:54Z,59118522368
pyyaml,0,2026-09-20T17:21:57Z,2026-09-20T17:23:37Z,59066118144
gcc,0,2026-09-20T17:23:39Z,2026-09-20T17:27:22Z,59045482496
java,0,2026-09-20T17:27:27Z,2026-09-20T17:30:48Z,58875326464
rust,0,2026-09-20T17:30:53Z,2026-09-20T17:34:31Z,58589990912
llvm,0,2026-09-20T17:34:38Z,2026-09-20T17:39:13Z,58233978880
postgres,0,2026-09-20T17:39:19Z,2026-09-20T17:44:03Z,57973477376
mysql,0,2026-09-20T17:44:09Z,2026-09-20T17:46:42Z,57806348288
docker,0,2026-09-20T17:46:45Z,2026-09-20T17:49:08Z,57690062848
fake-nvidia-driver,0,2026-09-20T17:49:12Z,2026-09-20T17:50:50Z,57522806784
fake-cuda,0,2026-09-20T17:50:50Z,2026-09-20T17:52:25Z,57522315264
pipdemo,0,2026-09-20T17:52:26Z,2026-09-20T17:54:55Z,57521848320
control-oldsnap,0,2026-09-20T17:54:57Z,2026-09-20T17:55:55Z,57490300928
curl,0,2026-09-20T17:55:56Z,2026-09-20T17:57:06Z,57486913536
wget,0,2026-09-20T17:57:07Z,2026-09-20T17:58:16Z,57483530240
git,0,2026-09-20T17:58:17Z,2026-09-20T18:00:18Z,57482276864
jq,0,2026-09-20T18:00:20Z,2026-09-20T18:02:31Z,57447333888
rsync,0,2026-09-20T18:02:33Z,2026-09-20T18:03:35Z,57425936384
tmux,0,2026-09-20T18:03:35Z,2026-09-20T18:04:37Z,57424527360
htop,0,2026-09-20T18:04:38Z,2026-09-20T18:05:41Z,57422979072
socat,0,2026-09-20T18:05:41Z,2026-09-20T18:06:47Z,57422135296
zstd,0,2026-09-20T18:06:48Z,2026-09-20T18:07:56Z,57420832768
sqlite,0,2026-09-20T18:07:57Z,2026-09-20T18:09:09Z,57419055104
tcpdump,0,2026-09-20T18:09:10Z,2026-09-20T18:10:38Z,57415188480
dnsutils,0,2026-09-20T18:10:38Z,2026-09-20T18:12:26Z,57413005312
pgclient,0,2026-09-20T18:12:27Z,2026-09-20T18:15:49Z,57380098048
redis,0,2026-09-20T18:15:50Z,2026-09-20T18:17:04Z,57355350016
memcached,0,2026-09-20T18:17:05Z,2026-09-20T18:18:55Z,57351917568
nvidia-driver-535,0,2026-09-20T18:18:56Z,2026-09-20T18:21:59Z,57330880512
cuda-runtime,0,2026-09-20T18:22:06Z,2026-09-20T18:26:39Z,56862879744
