module,identical,local_sha256,remote_sha256,local_bytes,remote_bytes,same_package_map,same_inventory,added_paths,removed_paths,content_changes,metadata_changes,xattr_changes
apache,False,347c50614a3ab54b664ef6eda0470afadcdb5d95ce9c6d278752be6c4b410c36,fbc790528a88936a5ddbbd4e5aa8356da1e19a6edb8a57131532ddd363b66f77,28106752,28831744,True,False,0,0,0,0,3
base,False,e4fbed70bb74f351b7ad27dd61289845dccabf54fc23d6504b2011dc8d8de6c6,59a850966e54b3f9b2194ceb2570efce34d77d73c1786f0ccfc18b7f571db3e8,41717760,42541056,True,False,4,0,3,1,0
control-oldsnap,False,adb8b5d8d6f6a2fb14ae35d8f5d752d3a448cdc933f603abd3785eef323d2ced,ce02a643916ddfcbe13c77bd5343cd2fc417fdea923f1a9048ffa7ceb6dfefeb,1638400,1671168,True,False,0,0,0,0,3
cuda-runtime,False,67ff5ff917c2dd336e9a8900dbfbeb6f74e493575461f8be00b797e67832359d,c276d133cff1f1d30322b4dfecd4c41181aea65ee58810fee3459862b0bb62c3,680222720,683847680,True,False,0,0,0,0,3
curl,False,3d354340071af55ac4eda7f8c5cee6e86802ccffe33ac70e8ea4a6ba51f837d8,4b43c2266da5575f31d1d9aef22f229603a7982e365230ea2843cf7d7e663928,1638400,1671168,True,False,0,0,0,0,3
dnsutils,False,cda4b86e98f3bab11dbe0d4aad318f1b1f74350a0c80e9707d49931ae22fa497,3f6ad8ea24401187b0277f3a4c542fbe7869b577a3049f9d2b041b0e3b8b33c4,15966208,16433152,True,False,0,0,0,0,3
docker,False,b75af5dc84b1590be645c242833031535229189f852010ad0c2af6ae2669a628,55562455f32afba84f47c4f2d48586aaa5b58ba48dbdaa763785c4262d0d39f1,83091456,83607552,True,False,0,0,0,0,3
emacs,False,67957ff3e927e8854df0629985f1d73412f6fe59e99590b2649f1852069afa68,47d3e05edc1e453f1d2c90a9002bbb944f1ab39325ddfbad03606d9218c614c2,37015552,37658624,True,False,0,0,2,0,3
fake-cuda,False,e03ed2d834a1b5980b2f0ddd823b3a0ebbf007fe05bc9867c92a1683a5c059ad,96ddf16e2ef1863d3b02961de9cf90af40a8ee03833f1734f19595c99feddff3,212992,217088,True,False,0,0,0,0,3
fake-nvidia-driver,False,19149cd3943a2213a4808664d33a25b49521808682b78e4a1d2a9f6b31c47027,8148f7cf55ff7bbc4d1f59b867099e9cf4ca24e46fe4b1c2800cb1605d09a0dc,229376,229376,True,False,0,0,0,0,3
gawk,False,49fa07f28437b2affcfa020a0c93620a8af945a7aedde7a57645237146dcae0d,48e3a92cc763585b98a46d35e6457c883e47775d4443542062abde295c353370,3108864,3145728,True,False,0,0,0,0,3
gcc,False,b473524857620bb3348fa193f11823e06c872a08aa22ec12b0d5c4d597c8a01b,cdebc7d120096dcdeb79d2b658e648121db14f177bcd91daf0da1733f09c713e,83996672,85012480,True,False,0,0,0,0,3
git,False,284dfa25111dde4c336c70494f54be1898d06641ec57bebaa0147d7017b84a27,e12d48d911079328ea2bc78aaf3c7da2d43856c321d79802e0b26a71fc384200,17137664,17428480,True,False,0,0,0,0,3
htop,False,2d9db241f23d70bdced8c132577e51fb44d23444ce47f6a311226defe58cfc26,9b90ea77f68b5a17ddfbd2430664b287dcf5edc10b2a7c0bd49e932503a51a6c,397312,405504,True,False,0,0,0,0,3
java,False,6410d3eea6a6276f22b5fcfd7c0eb7cb09d6ec0633663eaf1d350903bb908ee9,d34420e6ef9640cb9127a3bf4b21d61b452080fae2a3ce0e581568383ca707c6,141619200,142635008,True,False,0,0,2,0,3
jq,False,883d7420d147e7ff193373d2eb5a957c528f9b1db76040f42a40f867f18f3203,271e278552b7498831d7baf078536236ba7a196feeb99a2ffe1def9cdc31a40b,565248,10661888,False,False,2163,0,4,4,4
llvm,False,96a8f7b794a5224e07691596cdd89a8dfff3d36a3cdc1aa25a9e8ff1a9d4d615,784c36b6f15a325524b245e0d840dfe218a1f3ae7b7e1879ed3c80e50ba85700,128155648,130199552,True,False,19,20,1,1,3
memcached,False,6a77a8e3c10c2c807fab40b8c4fc0bbead54c7de4baa75ba40b94578f94614d2,021f9a1666d3d78ba78edc7135c9f5cb3e6349818b0c52def6f381604ac36b34,10264576,10485760,True,False,0,0,2,0,3
mta-msmtp,False,6ea8f99ba8be01d5cbec65cff49105d3297b36a9d20757231a5a3cab5c40b72d,322ec82e9d71eb3cbb14e71c6bf83db64300235811f3550e82919aa8bdef57d1,2551808,2596864,True,False,0,0,2,0,3
mta-nullmailer,False,1beac7cc14d16c8c2f2f3722a78443739829cd51a736e3b50d395072c6f3eb4f,0bc3b57928fb2dc14c675aa2bc24724137d5298828c137b06dc7dc7ec8c5e000,479232,483328,True,False,0,0,2,2,3
mysql,False,a1bdf8554b7ab1f957442cf2d9249b6b551558b4f9d248c92fe37007fd950e98,2df9e229c8172333db4cc0c2f7dbf5a2050d6b9beb59bc31e807fee264a32f5e,56569856,58085376,True,False,0,0,168,0,3
nc-openbsd,False,51ec73e3a4274608c408ba1b676aa09c95c1e98681dbaa73666d312c330d68f7,776098b8238895ed4b6c3af69f57b653799ee715d76f6729524cc724bac85512,307200,307200,True,False,0,0,0,0,3
nc-traditional,False,077432f789a672adfa72f9e9db61f1cf87fcc5fc70d210cae86b52ff95965902,1faf812f92ab9b734c7021662dcb3271f119b595419a5921b242fb97f2b6b6cb,262144,266240,True,False,0,0,0,0,3
nvidia-driver-535,False,285a0e40d8023b5713b3ae41014c01c75655e69f9108bcbbe38a1ed3bc2deb0f,a644ead50d3dda8637bd379b0a4ff7460b80f57fe50fcd817cad9779b61537fd,231550976,233979904,True,False,0,0,0,0,3
original-awk,False,4f3b77bd58440c62a0ddfdb8c1f4797d476bb199c6c9bd7a787671369bbb72c2,0ffbfab3b956d436e85a822063e2a8c24f467a510fac79a6ab8f5474fa6e7734,278528,282624,True,False,0,0,0,0,3
pgclient,False,6e34047b9f800f4466e70df4a866c3e340e20b1583068fd7fd02442811dd64eb,f4d0dd8abad9391292beb86e5cf6f89e5d0a0314c931bff70095729b8f5e5dbe,12075008,12337152,True,False,0,0,0,0,3
pipdemo,False,5f3842204b6c4c4931332b481692f8678abdd8858e38e5060954d21d2956f6c5,0f7238fc5008510425f0cca94780024f6690e11cc2ed7fdf329b4e7f42114301,15507456,15740928,True,False,8,8,87,8,3
postgres,False,df49be4ea6b21ae7e53a8e480d6a5752c627f76206aef1de2053de40aeb91119,753fd20298877c2fdc1f73ac6dfe3a7f3a364cc30dfd0978bf9fce416c40c115,82132992,83501056,True,False,1,1,6,1,3
pytools,False,c9e66c22e399732ba0d7e54acc5203b41c4711cf25bc4ad02c1a859ead5ab8f4,f106b7705fb9aec01c8f952631bbdd123da7a49bba885da27fe78f6e6b3980b5,25845760,26165248,True,False,0,0,0,0,3
pyyaml,False,805bbd83360322eaa913ef4dd3d26a4685bd6a29abd600380b65395228223f70,aa6a7c408329f25d6fe261f3c3c4a8b238f776a5ae33d7857522c794074accf7,10149888,10293248,True,False,0,0,0,0,3
redis,False,73c3ee44c1a31edcbd341c1e28be71c56b92dec3c9d78bbf38ac9eb0b3d2f4bf,d4ef764488e599a829d40cd2acda097f492f86da42591cc81be74500dd41e6cf,1658880,1695744,True,False,0,0,2,0,3
rsync,False,b0c66935f5fe976d75325faee5610812080790ed03cfe2b6bb95207bcce33008,61bf0ffe7d648b7dbfc52fbdd569dcf8f8b6eceecd4b372415e62f2350195d26,684032,688128,True,False,0,0,0,0,3
rust,False,c8b6f9d25b640b1a9ecc1f9a7eaacffcca7d8c1dd7a50d535283ac7f8e7862db,5e9ee5c96d22caf03649bbd00aeb21bf697d1fbfa13033fe39426c8e68ac7ab0,175460352,177963008,True,False,0,0,0,0,3
socat,False,6237bcd1cc0bf15a09991347334ff92dd5711b453a1cdaa4218d4682e1f7907d,467fc88274a74b5f09b8cd18ed57e5e0d1efec596f8a6d3e8b9a6b04ed88fd06,622592,634880,True,False,0,0,0,0,3
sqlite,False,6dfca056627c1cf7a177da0c2faaf08d2f9cd30d6fe9307d424140432af8c365,2be90a5ccf42d4f29f954bfc6406130ca65fa37237014086c8d09b32e4ca6b4d,1900544,1916928,True,False,0,0,0,0,3
tcpdump,False,f1dbbf104b17db8d0ee383614a62e16279356d8146690db1d8b4872e030b5e00,3553b010c7147deb2db3c4a1246b6f7929e0f228f1f24d827f107eac79b67ef2,1060864,1073152,True,False,0,0,2,0,3
tmux,False,aad7901204b376a8c908c2852f38b30f3decd50a5b960ea2d363858ceff468ae,6306480694e1f2dfed8c48c48468605703155c16a726c8a3d321838591152e48,749568,757760,True,False,0,0,0,0,3
vim,False,e4de49694062fcb5db6f5d1d402167edaeb3dcfd079ce6d03f38cb9407a935f1,19c32222145912af1dc207a532f7c62a519aba9453e8384ec75b0d8531a6c6d4,18112512,18485248,True,False,0,0,0,0,3
webserver,False,19b9a57b8ec407e0bc66367065226cd427628a82b2bc835c136bb70feb1637cb,1f5845ab6a7e3f1cd6832d1b95d282339af59cda8049248769c240b67320a6e3,21045248,21585920,True,False,0,0,0,0,3
wget,False,d8bb2eebdd9fe1f0f40c8e194e06b95583ac937bab70d2af03302ef9e42f58b7,36c9bb37f994b5a54c00695f4d254d19ca8d5a0f5fb62d98c7c98fa8f6cba56a,602112,610304,True,False,0,0,0,0,3
zstd,False,a04083d454151b4463363e9ac9391c5fd8ed91053bb9ec977ec34980f62d948a,59a394316d702f2c3acfc61f83edac8331b0e239a97298cde3b6d15072786230,864256,868352,True,False,0,0,0,0,3
