name,snapshot,manifest_sha256,manifest_artifact_sha256,actual_artifact_sha256,manifest_bytes,actual_bytes,digest_matches
apache,20260701T000000Z,6d67ca03d8d8feed2fccd00d669eec44809c89ff1d1dd0dfb22961211a09a24d,347c50614a3ab54b664ef6eda0470afadcdb5d95ce9c6d278752be6c4b410c36,347c50614a3ab54b664ef6eda0470afadcdb5d95ce9c6d278752be6c4b410c36,28106752,28106752,True
base,20260701T000000Z,6160943555c96429f4128c9663d8ff48f6c5fd6477f323a0c75da7bef475b32c,e4fbed70bb74f351b7ad27dd61289845dccabf54fc23d6504b2011dc8d8de6c6,e4fbed70bb74f351b7ad27dd61289845dccabf54fc23d6504b2011dc8d8de6c6,41717760,41717760,True
control-oldsnap,20250401T000000Z,ffd5549c6003d492869c4985514ea2525e6eccd6ab23bc121b725a04eead8a27,adb8b5d8d6f6a2fb14ae35d8f5d752d3a448cdc933f603abd3785eef323d2ced,adb8b5d8d6f6a2fb14ae35d8f5d752d3a448cdc933f603abd3785eef323d2ced,1638400,1638400,True
cuda-runtime,20260701T000000Z,ef7de927c65736edbaa5a535dd907b653a6fcd47ef05e990b0177a14d01af65b,67ff5ff917c2dd336e9a8900dbfbeb6f74e493575461f8be00b797e67832359d,67ff5ff917c2dd336e9a8900dbfbeb6f74e493575461f8be00b797e67832359d,680222720,680222720,True
curl,20260701T000000Z,c52044b7565a335f70f915b6e05936e1de5e57d6d95dfce3b32ccbababf39b96,3d354340071af55ac4eda7f8c5cee6e86802ccffe33ac70e8ea4a6ba51f837d8,3d354340071af55ac4eda7f8c5cee6e86802ccffe33ac70e8ea4a6ba51f837d8,1638400,1638400,True
dnsutils,20260701T000000Z,9b41bea57f84aa1fce1cbaf8f83d51482427729df49dcb55ffbc5235cfc7d705,cda4b86e98f3bab11dbe0d4aad318f1b1f74350a0c80e9707d49931ae22fa497,cda4b86e98f3bab11dbe0d4aad318f1b1f74350a0c80e9707d49931ae22fa497,15966208,15966208,True
docker,20260701T000000Z,fc8d422508845868f42ed6f1791264a8c129c07adbd66377a07d7e99383b0bee,b75af5dc84b1590be645c242833031535229189f852010ad0c2af6ae2669a628,b75af5dc84b1590be645c242833031535229189f852010ad0c2af6ae2669a628,83091456,83091456,True
emacs,20260701T000000Z,d71c3d00a27fa4b7cc0c8b83c002c8b4ba9ca1be24672f88a7c26d942a1926c0,67957ff3e927e8854df0629985f1d73412f6fe59e99590b2649f1852069afa68,67957ff3e927e8854df0629985f1d73412f6fe59e99590b2649f1852069afa68,37015552,37015552,True
fake-cuda,20260701T000000Z,33189e1fc67fbbd32a17a56c176eb2889ccd2fb4355cc213ec69bd2e131d99ac,e03ed2d834a1b5980b2f0ddd823b3a0ebbf007fe05bc9867c92a1683a5c059ad,e03ed2d834a1b5980b2f0ddd823b3a0ebbf007fe05bc9867c92a1683a5c059ad,212992,212992,True
fake-nvidia-driver,20260701T000000Z,c7fd4d060c0f7f6901615eafcd0c4b231f4225654ab4d3e782b4ff6d17c64d0c,19149cd3943a2213a4808664d33a25b49521808682b78e4a1d2a9f6b31c47027,19149cd3943a2213a4808664d33a25b49521808682b78e4a1d2a9f6b31c47027,229376,229376,True
gawk,20260701T000000Z,e0f6c67ae970a72c36c27e635ed531b2dde98dc61638381a901314af50ea42b8,49fa07f28437b2affcfa020a0c93620a8af945a7aedde7a57645237146dcae0d,49fa07f28437b2affcfa020a0c93620a8af945a7aedde7a57645237146dcae0d,3108864,3108864,True
gcc,20260701T000000Z,0dfb6e732ccd6671bcc7d07ac46d1fb0008eb215766f9bb007c223067d3c8d78,b473524857620bb3348fa193f11823e06c872a08aa22ec12b0d5c4d597c8a01b,b473524857620bb3348fa193f11823e06c872a08aa22ec12b0d5c4d597c8a01b,83996672,83996672,True
git,20260701T000000Z,bbfc1f0ba2e7b8daaa070efc775e413d75e27116e7c50e5e88c57de29ad2fafa,284dfa25111dde4c336c70494f54be1898d06641ec57bebaa0147d7017b84a27,284dfa25111dde4c336c70494f54be1898d06641ec57bebaa0147d7017b84a27,17137664,17137664,True
htop,20260701T000000Z,ac25d2cb50416b4a22ed2187d3fe73ece47c934e59a2ddf1913d5b290f660d7f,2d9db241f23d70bdced8c132577e51fb44d23444ce47f6a311226defe58cfc26,2d9db241f23d70bdced8c132577e51fb44d23444ce47f6a311226defe58cfc26,397312,397312,True
java,20260701T000000Z,808ffcb6774285f9b130e32796d00a6bdac1c04d87383bc07e018cecb898a930,6410d3eea6a6276f22b5fcfd7c0eb7cb09d6ec0633663eaf1d350903bb908ee9,6410d3eea6a6276f22b5fcfd7c0eb7cb09d6ec0633663eaf1d350903bb908ee9,141619200,141619200,True
jq,20260701T000000Z,9a99b392a2e400812fa0425da25e17e1a4614f0ead71afeceb984f55af54aeee,883d7420d147e7ff193373d2eb5a957c528f9b1db76040f42a40f867f18f3203,883d7420d147e7ff193373d2eb5a957c528f9b1db76040f42a40f867f18f3203,565248,565248,True
llvm,20260701T000000Z,2901df17780858fdb208afa41461c7aac10b18e06e08285f517ccb9b7973f681,96a8f7b794a5224e07691596cdd89a8dfff3d36a3cdc1aa25a9e8ff1a9d4d615,96a8f7b794a5224e07691596cdd89a8dfff3d36a3cdc1aa25a9e8ff1a9d4d615,128155648,128155648,True
memcached,20260701T000000Z,149f6ff6f02bec1074b9985c62a5843e050cc7c0b128288e3000f50cdc8e7d25,6a77a8e3c10c2c807fab40b8c4fc0bbead54c7de4baa75ba40b94578f94614d2,6a77a8e3c10c2c807fab40b8c4fc0bbead54c7de4baa75ba40b94578f94614d2,10264576,10264576,True
mta-msmtp,20260701T000000Z,ed3fa6cf078ef9b9691195eb11375fd1a352d231c568bdbc479c67c8620cfc7e,6ea8f99ba8be01d5cbec65cff49105d3297b36a9d20757231a5a3cab5c40b72d,6ea8f99ba8be01d5cbec65cff49105d3297b36a9d20757231a5a3cab5c40b72d,2551808,2551808,True
mta-nullmailer,20260701T000000Z,91b534643eed0ab8711261f0ebfe6ac25fd4871eaf21ab276cc18a7a9ccf2d9e,1beac7cc14d16c8c2f2f3722a78443739829cd51a736e3b50d395072c6f3eb4f,1beac7cc14d16c8c2f2f3722a78443739829cd51a736e3b50d395072c6f3eb4f,479232,479232,True
mysql,20260701T000000Z,8e64ba6b182c9107fb94c892a84a1a0ddd22bc214fe93b45a693701b200a8bc6,a1bdf8554b7ab1f957442cf2d9249b6b551558b4f9d248c92fe37007fd950e98,a1bdf8554b7ab1f957442cf2d9249b6b551558b4f9d248c92fe37007fd950e98,56569856,56569856,True
nc-openbsd,20260701T000000Z,dc0dce640f4624be3d0c0765242ddcfb7fcb0c71ab70d4b02c8b5908a4104e29,51ec73e3a4274608c408ba1b676aa09c95c1e98681dbaa73666d312c330d68f7,51ec73e3a4274608c408ba1b676aa09c95c1e98681dbaa73666d312c330d68f7,307200,307200,True
nc-traditional,20260701T000000Z,79108339427c374bfb8a2250c7459c3031d59bf489c934022999562f41f0c4ce,077432f789a672adfa72f9e9db61f1cf87fcc5fc70d210cae86b52ff95965902,077432f789a672adfa72f9e9db61f1cf87fcc5fc70d210cae86b52ff95965902,262144,262144,True
nvidia-driver-535,20260701T000000Z,dedd7f91b4e8ffc277d3da415f83250e50b352766a3f51a24f31a3e75202fc7c,285a0e40d8023b5713b3ae41014c01c75655e69f9108bcbbe38a1ed3bc2deb0f,285a0e40d8023b5713b3ae41014c01c75655e69f9108bcbbe38a1ed3bc2deb0f,231550976,231550976,True
original-awk,20260701T000000Z,040c8f92121125d8c294e0db2618e94b8aea794b658f176f9689c04328b22412,4f3b77bd58440c62a0ddfdb8c1f4797d476bb199c6c9bd7a787671369bbb72c2,4f3b77bd58440c62a0ddfdb8c1f4797d476bb199c6c9bd7a787671369bbb72c2,278528,278528,True
pgclient,20260701T000000Z,d1691c982ccf893577876a8db53b4aca525b450a28752820874bf8bf88997792,6e34047b9f800f4466e70df4a866c3e340e20b1583068fd7fd02442811dd64eb,6e34047b9f800f4466e70df4a866c3e340e20b1583068fd7fd02442811dd64eb,12075008,12075008,True
pipdemo,20260701T000000Z,048d3c785b5a1b6896a17dbb6dc60cd4e16783fe309de735086ab64848dc55af,5f3842204b6c4c4931332b481692f8678abdd8858e38e5060954d21d2956f6c5,5f3842204b6c4c4931332b481692f8678abdd8858e38e5060954d21d2956f6c5,15507456,15507456,True
postgres,20260701T000000Z,b84dc623196e8dec6fe724204fc0d90dcb72e56565aac8874f0a0d14f704ca17,df49be4ea6b21ae7e53a8e480d6a5752c627f76206aef1de2053de40aeb91119,df49be4ea6b21ae7e53a8e480d6a5752c627f76206aef1de2053de40aeb91119,82132992,82132992,True
pytools,20260701T000000Z,c774e9c6195615026bc1b647922ed58d2a35bbbe947a0d20be89050f07a4e524,c9e66c22e399732ba0d7e54acc5203b41c4711cf25bc4ad02c1a859ead5ab8f4,c9e66c22e399732ba0d7e54acc5203b41c4711cf25bc4ad02c1a859ead5ab8f4,25845760,25845760,True
pyyaml,20260701T000000Z,e604c55cb00525b8fbe14de5950bf2b28e75e85d0654ec479b6478cce0c38e03,805bbd83360322eaa913ef4dd3d26a4685bd6a29abd600380b65395228223f70,805bbd83360322eaa913ef4dd3d26a4685bd6a29abd600380b65395228223f70,10149888,10149888,True
redis,20260701T000000Z,dd668e89042c42cda3e191b619e5602f07593b5a770231658f917f78e4ae4523,73c3ee44c1a31edcbd341c1e28be71c56b92dec3c9d78bbf38ac9eb0b3d2f4bf,73c3ee44c1a31edcbd341c1e28be71c56b92dec3c9d78bbf38ac9eb0b3d2f4bf,1658880,1658880,True
rsync,20260701T000000Z,8be802c0d39f3ad021ef080beded70487316a5b86d20c70cf3d8c16cbb5fb124,b0c66935f5fe976d75325faee5610812080790ed03cfe2b6bb95207bcce33008,b0c66935f5fe976d75325faee5610812080790ed03cfe2b6bb95207bcce33008,684032,684032,True
rust,20260701T000000Z,23df30cf820aad823ada3513ce2b1053edc92080bcd83eaa9febcae82fa63266,c8b6f9d25b640b1a9ecc1f9a7eaacffcca7d8c1dd7a50d535283ac7f8e7862db,c8b6f9d25b640b1a9ecc1f9a7eaacffcca7d8c1dd7a50d535283ac7f8e7862db,175460352,175460352,True
socat,20260701T000000Z,827bf3b6800ff0c6158164eeb3719e1cc6387e5275f343878ccc67467ba06faf,6237bcd1cc0bf15a09991347334ff92dd5711b453a1cdaa4218d4682e1f7907d,6237bcd1cc0bf15a09991347334ff92dd5711b453a1cdaa4218d4682e1f7907d,622592,622592,True
sqlite,20260701T000000Z,572d4c010041c46ea316213919d1201657f4ce1299b5520e64529587fe5ff688,6dfca056627c1cf7a177da0c2faaf08d2f9cd30d6fe9307d424140432af8c365,6dfca056627c1cf7a177da0c2faaf08d2f9cd30d6fe9307d424140432af8c365,1900544,1900544,True
tcpdump,20260701T000000Z,306434fe874a1c37cbe7b6e909b6bc2d7ad841a3ceefa21cf12373d319179935,f1dbbf104b17db8d0ee383614a62e16279356d8146690db1d8b4872e030b5e00,f1dbbf104b17db8d0ee383614a62e16279356d8146690db1d8b4872e030b5e00,1060864,1060864,True
tmux,20260701T000000Z,32de8f66d7b4dfba3ee58996d222d8c0ea03af7ebacac90f6fc49308415601f8,aad7901204b376a8c908c2852f38b30f3decd50a5b960ea2d363858ceff468ae,aad7901204b376a8c908c2852f38b30f3decd50a5b960ea2d363858ceff468ae,749568,749568,True
vim,20260701T000000Z,63ebec139612efe0fdb5c2669d7cca4b3ef9a789155c1b45b05badc0c67b88aa,e4de49694062fcb5db6f5d1d402167edaeb3dcfd079ce6d03f38cb9407a935f1,e4de49694062fcb5db6f5d1d402167edaeb3dcfd079ce6d03f38cb9407a935f1,18112512,18112512,True
webserver,20260701T000000Z,f2640903e943c3a57dd60b44eef63a04e127ed50e97684ca7e362615bd471b71,19b9a57b8ec407e0bc66367065226cd427628a82b2bc835c136bb70feb1637cb,19b9a57b8ec407e0bc66367065226cd427628a82b2bc835c136bb70feb1637cb,21045248,21045248,True
wget,20260701T000000Z,243acf2990b40e7982228a5455e3cc830a70ccf3ab52e710185fb03e3d2657c0,d8bb2eebdd9fe1f0f40c8e194e06b95583ac937bab70d2af03302ef9e42f58b7,d8bb2eebdd9fe1f0f40c8e194e06b95583ac937bab70d2af03302ef9e42f58b7,602112,602112,True
zstd,20260701T000000Z,7e8456c0b93a44d8c73a830fdb1ba587b629901e33fa95e9c74bf64475483ae2,a04083d454151b4463363e9ac9391c5fd8ed91053bb9ec977ec34980f62d948a,a04083d454151b4463363e9ac9391c5fd8ed91053bb9ec977ec34980f62d948a,864256,864256,True
