sample,n,modules,admitted,mount_ms,reconcile_ms,total_ms,pkg_expected,pkg_actual,pkg_ok,alt_groups,alt_groups_bad,ld_expected,ld_actual,ld_ok,audit_ok,acct_expected,acct_ok,dbc_expected,dbc_ok,vis_missing,vis_ok,verify_ms,result
1,2,base rust tcpdump,yes,43,190,233,161,161,1,9,0,140,140,1,1,132,1,90,1,0,1,235,PASS
2,2,base original-awk pytools,yes,44,97,141,138,138,1,7,0,107,107,1,1,126,1,90,1,0,1,207,PASS
3,2,base socat tmux,yes,38,77,115,118,118,1,5,0,99,99,1,1,126,1,90,1,0,1,118,PASS
4,2,base gawk jq,yes,50,97,147,131,131,1,5,0,105,105,1,1,126,1,90,1,0,1,156,PASS
5,2,base fake-nvidia-driver htop,yes,39,81,120,117,117,1,5,0,98,98,1,1,126,1,90,1,0,1,113,PASS
6,2,base dnsutils mta-nullmailer,yes,44,107,151,126,126,1,5,0,117,117,1,1,126,1,98,1,0,1,119,PASS
7,2,base docker nvidia-driver-535,yes,57,116,173,138,138,1,9,0,121,121,1,1,128,1,92,1,0,1,153,PASS
8,2,base java pyyaml,yes,65,184,249,157,157,1,38,0,134,134,1,1,126,1,100,1,0,1,169,PASS
9,2,base rust vim,yes,39,145,184,173,173,1,17,0,148,148,1,1,126,1,90,1,0,1,247,PASS
10,2,base socat webserver,yes,41,108,149,157,157,1,5,0,132,132,1,1,126,1,104,1,0,1,143,PASS
11,2,base gawk pgclient,yes,61,112,173,131,131,1,6,0,107,107,1,1,126,1,90,1,0,1,168,PASS
12,2,base emacs memcached,yes,53,121,174,135,135,1,11,0,113,113,1,1,132,1,90,1,0,1,212,PASS
13,2,base pipdemo zstd,yes,45,87,132,133,133,1,5,0,103,103,1,1,126,1,90,1,0,1,177,PASS
14,2,base memcached mysql,yes,55,113,168,156,156,1,6,0,119,119,1,1,138,1,98,1,0,1,219,PASS
15,2,base fake-nvidia-driver mta-msmtp,yes,42,91,133,124,124,1,5,0,105,105,1,1,132,1,114,1,0,1,120,PASS
16,2,base emacs webserver,yes,39,123,162,166,166,1,11,0,136,136,1,1,126,1,104,1,0,1,201,PASS
17,2,base pipdemo tmux,yes,40,85,125,135,135,1,5,0,105,105,1,1,126,1,90,1,0,1,185,PASS
18,2,base dnsutils webserver,yes,37,110,147,162,162,1,5,0,142,142,1,1,126,1,104,1,0,1,148,PASS
19,2,base java mta-msmtp,yes,41,179,220,152,152,1,38,0,133,133,1,1,132,1,114,1,0,1,148,PASS
20,2,base jq rust,yes,38,121,159,171,171,1,9,0,143,143,1,1,126,1,90,1,0,1,230,PASS
21,2,base gcc tmux,yes,58,124,182,163,163,1,11,0,128,128,1,1,126,1,90,1,0,1,243,PASS
22,2,base mta-msmtp nc-traditional,yes,40,87,127,124,124,1,6,0,105,105,1,1,132,1,114,1,0,1,121,PASS
23,2,base htop mta-nullmailer,yes,39,78,117,117,117,1,5,0,98,98,1,1,126,1,98,1,0,1,118,PASS
24,2,base fake-nvidia-driver tcpdump,yes,41,79,120,117,117,1,5,0,98,98,1,1,132,1,90,1,0,1,116,PASS
25,2,base git mysql,yes,54,110,164,165,165,1,6,0,130,130,1,1,132,1,98,1,0,1,254,PASS
26,2,base dnsutils socat,yes,40,91,131,127,127,1,5,0,118,118,1,1,126,1,90,1,0,1,118,PASS
27,2,base jq wget,yes,44,84,128,128,128,1,5,0,102,102,1,1,126,1,90,1,0,1,155,PASS
28,2,base apache emacs,yes,49,136,185,154,154,1,12,0,129,129,1,1,126,1,90,1,0,1,230,PASS
29,2,base git llvm,yes,66,180,246,178,178,1,9,0,155,155,1,1,126,1,90,1,0,1,285,PASS
30,2,base curl pyyaml,yes,42,92,134,138,138,1,5,0,115,115,1,1,126,1,90,1,0,1,146,PASS
31,3,base curl redis tcpdump,yes,49,99,148,134,134,1,5,0,118,118,1,1,138,1,90,1,0,1,131,PASS
32,3,base mta-nullmailer nc-openbsd pgclient,yes,52,118,170,132,132,1,7,0,107,107,1,1,126,1,98,1,0,1,178,PASS
33,3,base mta-msmtp pipdemo wget,yes,51,100,151,144,144,1,5,0,113,113,1,1,132,1,114,1,0,1,198,PASS
34,3,base dnsutils fake-nvidia-driver memcached,yes,50,104,154,135,135,1,5,0,122,122,1,1,132,1,90,1,0,1,165,PASS
35,3,base fake-nvidia-driver memcached nc-openbsd,yes,46,95,141,126,126,1,6,0,103,103,1,1,132,1,90,1,0,1,164,PASS
36,3,base fake-nvidia-driver pyyaml socat,yes,52,92,144,131,131,1,5,0,105,105,1,1,126,1,90,1,0,1,152,PASS
37,3,base apache htop mysql,yes,61,137,198,181,181,1,7,0,145,145,1,1,132,1,98,1,0,1,250,PASS
38,3,base gawk pipdemo tcpdump,yes,51,103,154,138,138,1,5,0,107,107,1,1,132,1,90,1,0,1,192,PASS
39,3,base mta-msmtp redis webserver,yes,52,124,176,172,172,1,5,0,149,149,1,1,138,1,118,1,0,1,166,PASS
40,3,base jq nc-traditional tcpdump,yes,51,96,147,130,130,1,6,0,103,103,1,1,132,1,90,1,0,1,165,PASS
41,3,base pgclient tmux wget,yes,51,114,165,133,133,1,6,0,108,108,1,1,126,1,90,1,0,1,175,PASS
42,3,base git htop wget,yes,52,111,163,135,135,1,5,0,114,114,1,1,126,1,90,1,0,1,204,PASS
43,3,base jq pipdemo zstd,yes,56,100,156,146,146,1,5,0,108,108,1,1,126,1,90,1,0,1,233,PASS
44,3,base curl emacs jq,yes,50,124,174,149,149,1,11,0,124,124,1,1,126,1,90,1,0,1,220,PASS
45,3,base cuda-runtime mta-msmtp nvidia-driver-535,yes,57,120,177,146,146,1,5,0,133,133,1,1,132,1,114,1,0,1,149,PASS
46,3,base emacs gcc mta-msmtp,yes,51,152,203,183,183,1,17,0,147,147,1,1,132,1,114,1,0,1,321,PASS
47,3,base curl docker tcpdump,yes,53,111,164,139,139,1,9,0,117,117,1,1,134,1,92,1,0,1,154,PASS
48,3,base mta-msmtp mysql redis,yes,58,116,174,170,170,1,6,0,135,135,1,1,144,1,122,1,0,1,215,PASS
49,3,base apache gcc original-awk,yes,52,144,196,187,187,1,12,0,152,152,1,1,126,1,90,1,0,1,296,PASS
50,3,base apache jq nc-traditional,yes,51,120,171,153,153,1,7,0,127,127,1,1,126,1,90,1,0,1,210,PASS
51,3,base nvidia-driver-535 pytools sqlite,yes,54,111,165,150,150,1,7,0,124,124,1,1,126,1,90,1,0,1,224,PASS
52,3,base mysql nc-openbsd wget,yes,49,106,155,155,155,1,7,0,118,118,1,1,132,1,98,1,0,1,224,PASS
53,3,base gawk original-awk postgres,yes,88,169,257,146,146,1,7,0,121,121,1,1,134,1,148,1,0,1,307,PASS
54,3,base mta-msmtp socat webserver,yes,75,124,199,166,166,1,5,0,141,141,1,1,132,1,118,1,0,1,166,PASS
55,3,base pipdemo webserver zstd,yes,57,118,175,174,174,1,5,0,136,136,1,1,126,1,104,1,0,1,220,PASS
56,3,base fake-nvidia-driver mysql postgres,yes,56,168,224,172,172,1,8,0,132,132,1,1,140,1,156,1,0,1,370,PASS
57,3,base pgclient pytools redis,yes,85,127,212,158,158,1,8,0,123,123,1,1,132,1,90,1,0,1,262,PASS
58,3,base mta-msmtp nc-openbsd wget,yes,51,95,146,128,128,1,6,0,108,108,1,1,132,1,114,1,0,1,132,PASS
59,3,base cuda-runtime nvidia-driver-535 redis,yes,53,111,164,144,144,1,5,0,133,133,1,1,132,1,90,1,0,1,143,PASS
60,3,base gawk tmux webserver,yes,55,117,172,163,163,1,5,0,137,137,1,1,126,1,104,1,0,1,156,PASS
61,5,base curl memcached nvidia-driver-535 pipdemo redis,yes,71,134,205,169,169,1,5,0,144,144,1,1,138,1,90,1,0,1,272,PASS
62,5,base apache emacs rust tcpdump wget,yes,72,183,255,194,194,1,16,0,162,162,1,1,132,1,90,1,0,1,332,PASS
63,5,base cuda-runtime fake-nvidia-driver memcached nvidia-driver-535 pyyaml,yes,79,133,212,161,161,1,5,0,137,137,1,1,132,1,90,1,0,1,223,PASS
64,5,base fake-cuda fake-nvidia-driver gcc pipdemo zstd,yes,87,143,230,182,182,1,11,0,133,133,1,1,126,1,90,1,0,1,329,PASS
65,5,base apache docker mysql nc-openbsd pgclient,yes,72,182,254,193,193,1,13,0,149,149,1,1,134,1,100,1,0,1,331,PASS
66,5,base java mta-nullmailer postgres tcpdump tmux,yes,73,277,350,178,178,1,40,0,155,155,1,1,140,1,156,1,0,1,348,PASS
67,5,base fake-nvidia-driver gawk memcached mta-nullmailer sqlite,yes,69,113,182,131,131,1,5,0,106,106,1,1,132,1,98,1,0,1,185,PASS
68,5,base apache jq llvm nc-openbsd pipdemo,yes,75,181,256,214,214,1,11,0,167,167,1,1,126,1,90,1,0,1,413,PASS
69,5,base fake-cuda fake-nvidia-driver java tmux webserver,yes,72,219,291,181,181,1,38,0,157,157,1,1,126,1,104,1,0,1,194,PASS
70,5,base dnsutils git jq nc-traditional wget,yes,80,134,214,152,152,1,6,0,134,134,1,1,126,1,90,1,0,1,246,PASS
71,5,base jq pytools sqlite vim zstd,yes,78,141,219,159,159,1,15,0,115,115,1,1,126,1,90,1,0,1,333,PASS
72,5,base docker emacs mta-nullmailer rsync tcpdump,yes,71,140,211,143,143,1,15,0,117,117,1,1,134,1,100,1,0,1,226,PASS
73,5,base cuda-runtime gawk gcc nvidia-driver-535 rust,yes,76,279,355,195,195,1,11,0,168,168,1,1,126,1,90,1,0,1,346,PASS
74,5,base docker git pipdemo rust zstd,yes,76,163,239,199,199,1,13,0,156,156,1,1,128,1,92,1,0,1,374,PASS
75,5,base git nc-traditional pgclient pytools sqlite,yes,68,151,219,161,161,1,9,0,122,122,1,1,126,1,90,1,0,1,338,PASS
76,5,base apache fake-nvidia-driver git mta-nullmailer redis,yes,79,136,215,158,158,1,6,0,135,135,1,1,132,1,98,1,0,1,265,PASS
77,5,base emacs fake-nvidia-driver mta-msmtp nc-traditional zstd,yes,77,134,211,139,139,1,12,0,117,117,1,1,132,1,114,1,0,1,203,PASS
78,5,base gcc java memcached mta-msmtp vim,yes,82,267,349,216,216,1,52,0,172,172,1,1,138,1,114,1,0,1,407,PASS
79,5,base dnsutils gcc nc-traditional pyyaml rust,yes,76,174,250,201,201,1,12,0,169,169,1,1,126,1,90,1,0,1,355,PASS
80,5,base apache llvm mta-nullmailer redis rust,yes,74,190,264,211,211,1,11,0,178,178,1,1,132,1,98,1,0,1,372,PASS
81,10,base cuda-runtime docker fake-nvidia-driver jq nvidia-driver-535 pyyaml redis socat webserver wget,yes,111,219,330,229,229,1,9,0,187,187,1,1,134,1,106,1,0,1,341,PASS
82,10,base apache curl fake-cuda fake-nvidia-driver memcached nc-openbsd pipdemo socat tcpdump wget,yes,118,179,297,174,174,1,7,0,135,135,1,1,138,1,90,1,0,1,344,PASS
83,10,base curl dnsutils gawk mysql nc-openbsd original-awk pgclient postgres redis sqlite,yes,116,251,367,197,197,1,9,0,160,160,1,1,146,1,156,1,0,1,482,PASS
84,10,base cuda-runtime dnsutils gawk java mta-msmtp nc-traditional nvidia-driver-535 original-awk socat sqlite,yes,136,293,429,197,197,1,39,0,187,187,1,1,132,1,114,1,0,1,250,PASS
85,10,base fake-cuda fake-nvidia-driver gawk mysql pipdemo postgres pytools redis vim zstd,yes,128,267,395,211,211,1,18,0,153,153,1,1,146,1,156,1,0,1,612,PASS
86,10,base dnsutils docker fake-nvidia-driver gcc mta-msmtp mysql pipdemo sqlite tcpdump wget,yes,156,235,391,247,247,1,16,0,184,184,1,1,146,1,124,1,0,1,496,PASS
87,10,base curl emacs git htop nvidia-driver-535 original-awk pipdemo pyyaml redis wget,yes,126,199,325,191,191,1,11,0,159,159,1,1,132,1,90,1,0,1,431,PASS
88,10,base apache gcc git htop java jq mysql pyyaml socat zstd,yes,133,323,456,273,273,1,46,0,204,204,1,1,132,1,108,1,0,1,579,PASS
89,10,base apache java jq mta-msmtp mysql nc-traditional pyyaml redis sqlite vim,yes,136,324,460,249,249,1,49,0,191,191,1,1,144,1,122,1,0,1,475,PASS
90,10,base dnsutils emacs gcc mysql nc-traditional pyyaml redis sqlite vim webserver,yes,115,272,387,271,271,1,26,0,201,201,1,1,138,1,110,1,0,1,585,PASS
91,15,base curl fake-nvidia-driver htop java jq llvm mta-msmtp mysql nc-openbsd nvidia-driver-535 original-awk pipdemo pytools vim wget,yes,186,404,590,291,291,1,54,0,227,227,1,1,138,1,122,1,0,1,700,PASS
92,15,base apache curl gawk gcc java memcached nc-openbsd original-awk postgres pytools rsync rust webserver wget zstd,yes,196,437,633,294,294,1,50,0,217,217,1,1,140,1,152,1,0,1,794,PASS
93,15,base apache cuda-runtime dnsutils docker htop java mta-nullmailer nc-openbsd nvidia-driver-535 pgclient pipdemo rsync socat tcpdump vim,yes,168,407,575,254,254,1,53,0,213,213,1,1,134,1,110,1,0,1,552,PASS
94,15,base apache cuda-runtime git java llvm memcached nc-traditional nvidia-driver-535 pytools rsync socat sqlite tcpdump wget zstd,yes,219,386,605,270,270,1,46,0,224,224,1,1,138,1,100,1,0,1,623,PASS
95,15,base cuda-runtime gawk git htop java llvm memcached mta-nullmailer nc-traditional nvidia-driver-535 postgres pytools rust sqlite tmux,yes,205,450,655,283,283,1,48,0,231,231,1,1,140,1,156,1,0,1,789,PASS
96,15,base cuda-runtime curl emacs gawk gcc jq mta-nullmailer mysql nc-openbsd nvidia-driver-535 pgclient pytools socat vim webserver,yes,181,356,537,305,305,1,29,0,220,220,1,1,132,1,118,1,0,1,758,PASS
97,15,base cuda-runtime dnsutils docker fake-nvidia-driver htop mta-msmtp nc-traditional nvidia-driver-535 original-awk pipdemo postgres socat tcpdump wget zstd,yes,193,312,505,224,224,1,12,0,186,186,1,1,148,1,164,1,0,1,524,PASS
98,15,base docker emacs fake-nvidia-driver gawk gcc jq mta-nullmailer mysql nc-traditional pgclient redis rsync vim wget zstd,yes,180,335,515,256,256,1,31,0,182,182,1,1,140,1,108,1,0,1,660,PASS
99,15,base cuda-runtime fake-nvidia-driver gawk llvm mta-nullmailer nc-openbsd nvidia-driver-535 pytools redis rust socat sqlite tcpdump tmux webserver,yes,172,315,487,279,279,1,13,0,227,227,1,1,138,1,112,1,0,1,545,PASS
100,15,base cuda-runtime docker emacs gcc jq llvm mta-msmtp nc-traditional nvidia-driver-535 pgclient postgres rsync rust socat wget,yes,176,395,571,275,275,1,24,0,215,215,1,1,142,1,164,1,0,1,852,PASS
101,20,base apache curl emacs gcc git htop java jq mta-msmtp mysql nc-traditional nvidia-driver-535 original-awk pipdemo postgres pytools rust sqlite webserver wget,yes,249,526,775,344,344,1,57,0,244,244,1,1,146,1,172,1,0,1,1096,PASS
102,20,base apache cuda-runtime fake-nvidia-driver gawk git htop java llvm mta-nullmailer mysql nvidia-driver-535 original-awk pipdemo pyyaml redis rsync rust socat sqlite wget,yes,235,454,689,312,312,1,45,0,248,248,1,1,138,1,116,1,0,1,781,PASS
103,20,base apache cuda-runtime curl docker emacs fake-nvidia-driver git htop jq mysql nc-openbsd nvidia-driver-535 original-awk pytools pyyaml rsync socat tmux vim webserver,yes,235,374,609,300,300,1,27,0,213,213,1,1,134,1,112,1,0,1,812,PASS
104,20,base cuda-runtime docker fake-nvidia-driver git memcached mta-nullmailer mysql nc-openbsd nc-traditional nvidia-driver-535 original-awk pgclient pipdemo postgres pytools redis rsync tmux vim zstd,yes,237,400,637,262,262,1,23,0,198,198,1,1,154,1,166,1,0,1,884,PASS
105,20,base apache curl docker emacs fake-nvidia-driver gcc java jq llvm memcached mta-msmtp mysql nc-traditional nvidia-driver-535 postgres pytools redis socat vim wget,yes,242,560,802,351,351,1,68,0,250,250,1,1,160,1,172,1,0,1,1144,PASS
106,20,base curl docker fake-nvidia-driver gawk gcc git htop java jq memcached mta-msmtp nvidia-driver-535 pgclient postgres rsync socat tcpdump tmux vim wget,yes,233,499,732,288,288,1,58,0,226,226,1,1,154,1,164,1,0,1,881,PASS
107,20,base apache cuda-runtime curl docker fake-cuda fake-nvidia-driver htop java mta-msmtp nvidia-driver-535 original-awk postgres pytools pyyaml rust tcpdump tmux webserver wget zstd,yes,230,504,734,322,322,1,51,0,253,253,1,1,148,1,168,1,0,1,788,PASS
108,20,base curl emacs fake-cuda fake-nvidia-driver gawk git htop jq mta-msmtp nvidia-driver-535 original-awk pgclient pipdemo pytools redis socat tcpdump tmux wget zstd,yes,219,329,548,230,230,1,14,0,180,180,1,1,144,1,114,1,0,1,636,PASS
109,20,base dnsutils docker fake-cuda fake-nvidia-driver java jq llvm mysql nvidia-driver-535 pipdemo postgres pytools redis rsync rust sqlite vim webserver wget zstd,yes,266,543,809,347,347,1,60,0,265,265,1,1,148,1,160,1,0,1,1028,PASS
110,20,base apache docker gcc htop java jq llvm memcached mta-msmtp nc-traditional pipdemo pytools pyyaml rust sqlite tcpdump vim webserver wget zstd,yes,228,492,720,335,335,1,60,0,240,240,1,1,146,1,120,1,0,1,977,PASS
111,25,base apache cuda-runtime emacs fake-nvidia-driver gawk gcc git java jq llvm memcached mta-msmtp mysql nvidia-driver-535 original-awk pyyaml redis rsync rust sqlite tcpdump tmux vim wget zstd,yes,311,546,857,348,348,1,59,0,259,259,1,1,156,1,122,1,0,1,1039,PASS
112,25,base curl dnsutils docker emacs gawk gcc git jq llvm memcached mta-msmtp nc-openbsd nc-traditional original-awk pgclient pipdemo postgres pytools redis rust socat sqlite tcpdump tmux zstd,yes,313,505,818,307,307,1,26,0,222,222,1,1,160,1,164,1,0,1,1165,PASS
113,25,base cuda-runtime curl dnsutils emacs fake-nvidia-driver gawk git java jq memcached mta-msmtp nc-openbsd nvidia-driver-535 pgclient pipdemo postgres pytools pyyaml rust socat sqlite tcpdump tmux webserver zstd,yes,304,584,888,327,327,1,53,0,257,257,1,1,152,1,166,1,0,1,1032,PASS
114,25,base apache cuda-runtime curl dnsutils emacs fake-cuda fake-nvidia-driver gcc git htop jq llvm mta-msmtp nc-openbsd nvidia-driver-535 original-awk pgclient postgres pytools pyyaml rsync rust tcpdump vim webserver,yes,315,575,890,353,353,1,30,0,254,254,1,1,146,1,166,1,0,1,1241,PASS
115,25,base apache cuda-runtime dnsutils docker fake-nvidia-driver gawk gcc git htop java llvm mta-nullmailer mysql nc-openbsd nc-traditional nvidia-driver-535 original-awk postgres pytools rsync rust socat sqlite vim wget,yes,320,606,926,353,353,1,63,0,263,263,1,1,142,1,166,1,0,1,1192,PASS
116,25,base apache cuda-runtime curl dnsutils fake-cuda fake-nvidia-driver gawk gcc git java jq memcached mta-msmtp nc-openbsd nvidia-driver-535 original-awk pipdemo postgres redis rsync socat tcpdump tmux webserver wget,yes,264,554,818,341,341,1,48,0,261,261,1,1,158,1,166,1,0,1,957,PASS
117,25,base apache cuda-runtime curl dnsutils docker fake-nvidia-driver gawk gcc git java jq llvm memcached mta-msmtp mysql nc-openbsd nc-traditional nvidia-driver-535 original-awk pgclient rsync socat tcpdump vim wget,yes,279,582,861,342,342,1,60,0,260,260,1,1,152,1,124,1,0,1,978,PASS
118,25,base apache cuda-runtime curl dnsutils emacs gawk gcc git htop java jq mta-nullmailer mysql nvidia-driver-535 pgclient pipdemo postgres pyyaml redis rust socat tmux vim wget zstd,yes,284,589,873,346,346,1,61,0,260,260,1,1,146,1,164,1,0,1,1189,PASS
119,25,base apache dnsutils docker fake-cuda fake-nvidia-driver gawk git java jq llvm memcached mta-nullmailer mysql nc-openbsd original-awk pgclient pipdemo pytools redis rust sqlite tmux webserver wget zstd,yes,292,546,838,351,351,1,53,0,257,257,1,1,146,1,120,1,0,1,1010,PASS
120,25,base cuda-runtime curl dnsutils docker emacs fake-nvidia-driver gawk gcc java llvm memcached mysql nc-traditional nvidia-driver-535 original-awk pipdemo postgres pytools redis rust socat tmux vim webserver zstd,yes,303,643,946,371,371,1,67,0,278,278,1,1,154,1,160,1,0,1,1228,PASS
121,27,base docker emacs fake-cuda fake-nvidia-driver gcc git htop java llvm memcached mysql nc-openbsd nc-traditional original-awk pgclient pipdemo postgres pytools pyyaml redis rsync rust sqlite tmux vim webserver zstd,yes,330,620,950,359,359,1,67,0,247,247,1,1,154,1,160,1,0,1,1343,PASS
122,27,base cuda-runtime curl docker emacs fake-cuda fake-nvidia-driver gcc htop java jq memcached mta-nullmailer mysql nc-openbsd nc-traditional nvidia-driver-535 pipdemo postgres pytools pyyaml rsync rust sqlite tcpdump tmux vim webserver,yes,298,632,930,359,359,1,67,0,259,259,1,1,154,1,168,1,0,1,1224,PASS
123,27,base cuda-runtime curl dnsutils docker fake-nvidia-driver gawk gcc git htop jq memcached mta-msmtp mysql nc-openbsd nc-traditional nvidia-driver-535 pipdemo postgres pytools pyyaml rsync socat tcpdump tmux vim webserver zstd,yes,307,524,831,345,345,1,29,0,251,251,1,1,160,1,174,1,0,1,1137,PASS
124,27,base cuda-runtime curl emacs fake-cuda fake-nvidia-driver gawk gcc htop java memcached mta-nullmailer nc-openbsd nc-traditional nvidia-driver-535 original-awk pgclient pipdemo postgres pyyaml redis rsync rust socat sqlite tcpdump tmux webserver,yes,304,567,871,325,325,1,53,0,250,250,1,1,152,1,160,1,0,1,1005,PASS
125,27,base apache cuda-runtime dnsutils docker fake-cuda fake-nvidia-driver gcc git java jq llvm mta-nullmailer nc-openbsd nc-traditional nvidia-driver-535 original-awk pgclient pytools rsync rust socat sqlite tcpdump tmux webserver wget zstd,yes,331,570,901,354,354,1,53,0,267,267,1,1,134,1,114,1,0,1,1009,PASS
126,27,base apache cuda-runtime curl dnsutils docker fake-cuda fake-nvidia-driver gawk gcc java jq llvm memcached mta-msmtp mysql nc-openbsd nc-traditional nvidia-driver-535 original-awk pipdemo postgres pytools pyyaml socat sqlite tcpdump wget,yes,309,605,914,357,357,1,55,0,262,262,1,1,160,1,172,1,0,1,1149,PASS
127,27,base apache curl docker fake-cuda fake-nvidia-driver gcc git java jq memcached mta-nullmailer mysql nc-openbsd original-awk pgclient pipdemo postgres pyyaml rsync rust sqlite tcpdump tmux vim webserver wget zstd,yes,323,583,906,347,347,1,61,0,234,234,1,1,154,1,168,1,0,1,1217,PASS
128,27,base apache cuda-runtime curl dnsutils emacs fake-cuda fake-nvidia-driver git htop java jq llvm memcached mta-msmtp mysql nc-openbsd nvidia-driver-535 original-awk pgclient pytools pyyaml redis rust tcpdump tmux vim webserver,yes,309,613,922,383,383,1,62,0,287,287,1,1,156,1,124,1,0,1,1155,PASS
129,27,base apache curl dnsutils docker gcc git htop java jq llvm memcached mta-nullmailer mysql nc-traditional nvidia-driver-535 postgres pytools pyyaml redis rsync rust socat sqlite tmux vim wget zstd,yes,371,623,994,363,363,1,63,0,266,266,1,1,154,1,166,1,0,1,1275,PASS
130,27,base apache curl dnsutils docker emacs fake-cuda fake-nvidia-driver gcc git java llvm mta-msmtp nc-openbsd nc-traditional original-awk pgclient pipdemo postgres pytools redis rsync rust sqlite vim webserver wget zstd,yes,330,630,960,356,356,1,67,0,252,252,1,1,148,1,168,1,0,1,1288,PASS
131,30,base apache cuda-runtime curl dnsutils docker emacs fake-cuda fake-nvidia-driver gawk gcc git htop java jq mta-nullmailer nc-openbsd nc-traditional nvidia-driver-535 original-awk pgclient pipdemo postgres pytools redis rsync rust socat sqlite vim wget,yes,349,642,991,339,339,1,67,0,258,258,1,1,142,1,158,1,0,1,1299,PASS
132,30,base apache curl dnsutils docker fake-cuda fake-nvidia-driver gawk git htop java jq llvm memcached mta-msmtp mysql nc-openbsd nc-traditional nvidia-driver-535 original-awk pgclient pipdemo pytools pyyaml rsync rust socat tcpdump webserver wget zstd,yes,465,591,1056,362,362,1,53,0,268,268,1,1,152,1,126,1,0,1,1146,PASS
133,30,base apache cuda-runtime curl dnsutils docker emacs fake-cuda fake-nvidia-driver gawk gcc htop jq llvm memcached mta-msmtp mysql nc-openbsd nc-traditional nvidia-driver-535 original-awk pipdemo postgres pytools pyyaml redis rsync socat tmux vim zstd,yes,383,570,953,357,357,1,35,0,257,257,1,1,160,1,172,1,0,1,1280,PASS
134,30,base apache cuda-runtime curl dnsutils docker emacs fake-nvidia-driver gcc git htop java jq llvm mta-nullmailer mysql nc-openbsd nc-traditional nvidia-driver-535 original-awk pipdemo pytools pyyaml rsync socat sqlite tcpdump tmux webserver wget zstd,yes,316,597,913,374,374,1,59,0,272,272,1,1,140,1,120,1,0,1,1158,PASS
135,30,base apache cuda-runtime dnsutils docker emacs fake-cuda fake-nvidia-driver gawk gcc git htop jq llvm mta-nullmailer nc-openbsd nvidia-driver-535 original-awk pgclient postgres pyyaml redis rsync rust socat sqlite tcpdump tmux webserver wget zstd,yes,330,552,882,354,354,1,25,0,257,257,1,1,148,1,162,1,0,1,1178,PASS
136,30,base apache cuda-runtime curl emacs fake-cuda fake-nvidia-driver gawk gcc git htop java jq memcached mta-nullmailer nc-openbsd nvidia-driver-535 original-awk pgclient pipdemo pytools pyyaml redis rsync socat sqlite tcpdump vim webserver wget zstd,yes,310,594,904,341,341,1,62,0,252,252,1,1,144,1,112,1,0,1,1097,PASS
137,30,base apache cuda-runtime docker emacs fake-cuda fake-nvidia-driver gawk git htop java jq llvm memcached mta-nullmailer mysql nc-openbsd nc-traditional nvidia-driver-535 pipdemo postgres pytools redis rsync rust socat sqlite vim webserver wget zstd,yes,335,673,1008,381,381,1,67,0,275,275,1,1,154,1,168,1,0,1,1314,PASS
138,30,base apache cuda-runtime curl emacs fake-cuda fake-nvidia-driver git htop java jq llvm memcached mta-nullmailer mysql nc-openbsd nc-traditional nvidia-driver-535 original-awk pgclient postgres pytools pyyaml redis rust socat sqlite tcpdump webserver wget zstd,yes,339,643,982,373,373,1,56,0,270,270,1,1,158,1,166,1,0,1,1239,PASS
139,30,base cuda-runtime dnsutils docker fake-cuda fake-nvidia-driver gawk gcc git java jq llvm memcached mta-msmtp mysql nc-traditional nvidia-driver-535 original-awk pgclient pipdemo postgres pyyaml redis rsync socat sqlite tcpdump vim webserver wget zstd,yes,379,653,1032,379,379,1,60,0,276,276,1,1,166,1,174,1,0,1,1273,PASS
140,30,base curl dnsutils docker emacs fake-nvidia-driver gawk gcc git htop java llvm memcached mta-nullmailer mysql nc-openbsd original-awk pgclient pipdemo postgres pytools pyyaml redis rsync rust tcpdump tmux vim webserver wget zstd,yes,387,654,1041,367,367,1,67,0,258,258,1,1,160,1,168,1,0,1,1391,PASS
141,33,base apache cuda-runtime curl dnsutils docker emacs fake-cuda fake-nvidia-driver gawk gcc git htop java jq mta-nullmailer mysql nc-openbsd nc-traditional nvidia-driver-535 original-awk pgclient pipdemo postgres pytools pyyaml redis rust socat sqlite tmux vim webserver wget,yes,436,707,1143,384,384,1,68,0,278,278,1,1,148,1,168,1,0,1,1432,PASS
142,33,base apache cuda-runtime curl docker emacs fake-cuda fake-nvidia-driver gawk gcc git htop java jq memcached mta-nullmailer mysql nc-openbsd nc-traditional nvidia-driver-535 original-awk pipdemo postgres pytools pyyaml redis rsync rust socat sqlite tcpdump tmux vim webserver,yes,462,682,1144,381,381,1,68,0,271,271,1,1,160,1,168,1,0,1,1379,PASS
143,33,base apache cuda-runtime dnsutils docker emacs fake-cuda fake-nvidia-driver gcc git htop java jq llvm memcached mta-nullmailer mysql nc-openbsd nvidia-driver-535 original-awk pgclient pipdemo pytools pyyaml redis rsync rust socat sqlite tmux vim webserver wget zstd,yes,505,716,1221,395,395,1,67,0,287,287,1,1,146,1,120,1,0,1,1400,PASS
144,33,base apache cuda-runtime curl dnsutils emacs fake-cuda fake-nvidia-driver gawk gcc git htop java jq llvm memcached mta-nullmailer mysql nc-openbsd nvidia-driver-535 original-awk pgclient pipdemo pytools pyyaml redis rsync socat sqlite tcpdump tmux webserver wget zstd,yes,428,642,1070,378,378,1,56,0,277,277,1,1,150,1,118,1,0,1,1227,PASS
145,33,base apache cuda-runtime curl dnsutils docker emacs fake-cuda fake-nvidia-driver gawk gcc git htop jq llvm mta-nullmailer nc-openbsd nc-traditional nvidia-driver-535 original-awk pgclient postgres pytools pyyaml redis rsync socat sqlite tcpdump tmux vim webserver wget zstd,yes,374,610,984,367,367,1,34,0,258,258,1,1,148,1,162,1,0,1,1304,PASS
146,33,base apache cuda-runtime curl docker emacs fake-cuda fake-nvidia-driver gawk git htop java llvm memcached mta-nullmailer mysql nc-openbsd nc-traditional nvidia-driver-535 original-awk pipdemo postgres pytools pyyaml redis rust socat sqlite tcpdump tmux vim webserver wget zstd,yes,418,688,1106,382,382,1,67,0,277,277,1,1,160,1,168,1,0,1,1361,PASS
147,35,base apache cuda-runtime curl dnsutils docker emacs fake-cuda fake-nvidia-driver gawk git htop java jq llvm memcached mta-msmtp mysql nc-openbsd nvidia-driver-535 original-awk pgclient pipdemo postgres pytools pyyaml redis rsync socat sqlite tcpdump tmux vim webserver wget zstd,yes,397,712,1109,390,390,1,66,0,285,285,1,1,166,1,174,1,0,1,1397,PASS
148,35,base apache cuda-runtime curl docker emacs fake-cuda fake-nvidia-driver gawk gcc git jq llvm memcached mta-msmtp mysql nc-openbsd nc-traditional nvidia-driver-535 original-awk pgclient pipdemo postgres pytools pyyaml redis rsync rust socat sqlite tcpdump tmux vim webserver wget zstd,yes,492,643,1135,390,390,1,35,0,266,266,1,1,166,1,174,1,0,1,1511,PASS
149,35,base apache cuda-runtime curl dnsutils docker emacs fake-cuda fake-nvidia-driver gawk gcc htop java jq llvm memcached mta-msmtp mysql nc-openbsd nc-traditional nvidia-driver-535 original-awk pipdemo postgres pytools pyyaml redis rsync rust socat sqlite tcpdump tmux vim webserver zstd,yes,460,742,1202,408,408,1,68,0,292,292,1,1,166,1,174,1,0,1,1454,PASS
150,35,base apache cuda-runtime dnsutils docker emacs fake-cuda fake-nvidia-driver gawk gcc git htop java jq llvm memcached mta-msmtp mysql nc-openbsd nc-traditional nvidia-driver-535 original-awk pgclient pipdemo postgres pyyaml redis rsync rust socat sqlite tcpdump tmux vim wget zstd,yes,471,716,1187,388,388,1,66,0,279,279,1,1,166,1,172,1,0,1,1454,PASS
151,38,base apache cuda-runtime curl dnsutils docker emacs fake-cuda fake-nvidia-driver gawk gcc git htop java jq llvm memcached mta-nullmailer mysql nc-openbsd nc-traditional nvidia-driver-535 original-awk pgclient pipdemo postgres pytools pyyaml redis rsync rust socat sqlite tcpdump tmux vim webserver wget zstd,yes,487,768,1255,406,406,1,68,0,288,288,1,1,160,1,168,1,0,1,1574,PASS
152,38,base apache cuda-runtime curl dnsutils docker emacs fake-cuda fake-nvidia-driver gawk gcc git htop java jq llvm memcached mta-msmtp mysql nc-openbsd nc-traditional nvidia-driver-535 original-awk pgclient pipdemo postgres pytools pyyaml redis rsync rust socat sqlite tcpdump tmux vim webserver wget zstd,yes,521,760,1281,413,413,1,68,0,292,292,1,1,166,1,174,1,0,1,1590,PASS
