module,cohort,thin_bytes,fat_bytes,saved_bytes,saved_pct,thin_pkgs,fat_pkgs,thin_sha256,fat_sha256
base,base,41717760,155172864,-113455104,-271.96,113,166,e4fbed70bb74f351,7e59fa64cfad829f
apache,small,28106752,4132864,23973888,85.30,31,20,347c50614a3ab54b,1ddfd54593b72b38
control-oldsnap,small,1638400,1097728,540672,33.00,10,6,adb8b5d8d6f6a2fb,f1d0c694556ef099
curl,small,1638400,1097728,540672,33.00,10,6,3d354340071af55a,fe500c0a08eb75cf
dnsutils,small,15966208,2052096,13914112,87.15,12,7,cda4b86e98f3bab1,12587b584c4f8c3b
docker,large,83091456,83083264,8192,0.01,13,10,b75af5dc84b1590b,d4deb8c83aebf727
emacs,small,37015552,23257088,13758464,37.17,13,11,67957ff3e927e885,620c629b38c1f865
fake-cuda,small,212992,245760,-32768,-15.38,1,1,e03ed2d834a1b598,14f479784c070b04
fake-nvidia-driver,small,229376,258048,-28672,-12.50,1,1,19149cd3943a2213,c60c446f6d6755a3
gawk,small,3108864,712704,2396160,77.08,5,2,49fa07f28437b2af,9deb44892bd7191c
gcc,large,83996672,14372864,69623808,82.89,47,10,b473524857620bb3,f236ef25767ab864
git,small,17137664,6967296,10170368,59.35,18,9,284dfa25111dde4c,abf8df0a7b22e019
htop,small,397312,430080,-32768,-8.25,3,3,2d9db241f23d70bd,caf7bf781f4cabb4
java,large,141619200,141127680,491520,0.35,31,29,6410d3eea6a6276f,887da59cc485c43c
jq,small,565248,593920,-28672,-5.07,3,3,883d7420d147e7ff,df27c21da828816a
llvm,large,128155648,61513728,66641920,52.00,47,17,96a8f7b794a5224e,65d6628cd31a8aa6
memcached,small,10264576,598016,9666560,94.17,9,2,6a77a8e3c10c2c80,4e3012ae8d4a63e9
mta-msmtp,small,2551808,2514944,36864,1.44,10,9,6ea8f99ba8be01d5,c59230a95410c952
mta-nullmailer,small,479232,516096,-36864,-7.69,1,1,1beac7cc14d16c8c,1e900244b33cd89f
mysql,large,56569856,44331008,12238848,21.63,39,26,a1bdf8554b7ab1f9,b4d979da93207eb1
nc-openbsd,small,307200,270336,36864,12.00,3,1,51ec73e3a4274608,daba0d5895c41d6e
nc-traditional,small,262144,294912,-32768,-12.50,1,1,077432f789a672ad,f0f7cc42d26f1b15
original-awk,small,278528,311296,-32768,-11.76,1,1,4f3b77bd58440c62,142fb27a388158b5
pgclient,small,12075008,1998848,10076160,83.45,15,4,6e34047b9f800f44,911fd0b0d97062ec
pipdemo,small,15507456,15335424,172032,1.11,19,17,5f3842204b6c4c49,5d60d50901112793
postgres,large,82132992,29159424,52973568,64.50,29,11,df49be4ea6b21ae7,426c69fd143caabe
pytools,small,25845760,25513984,331776,1.28,24,21,c9e66c22e399732b,5f39e7db57c4d31f
pyyaml,small,10149888,9965568,184320,1.82,15,13,805bbd83360322ea,c1bc2826ca954b88
redis,small,1658880,1687552,-28672,-1.73,8,7,73c3ee44c1a31edc,405070b4a4416cad
rsync,small,684032,712704,-28672,-4.19,2,2,b0c66935f5fe976d,8bef643b027d4d68
rust,large,175460352,117391360,58068992,33.10,45,10,c8b6f9d25b640b1a,b94eca9ebdccb28e
socat,small,622592,655360,-32768,-5.26,2,2,6237bcd1cc0bf15a,1b3b0e4560b576fa
sqlite,small,1900544,1720320,180224,9.48,4,2,6dfca056627c1cf7,bc35c2327b38b3d6
tcpdump,small,1060864,1093632,-32768,-3.09,3,3,f1dbbf104b17db8d,1c94a8ccce4dbc56
tmux,small,749568,778240,-28672,-3.83,3,3,aad7901204b376a8,e5c697098d3a71aa
vim,small,18112512,17928192,184320,1.02,15,13,e4de49694062fcb5,ae270a5f9abcb04c
webserver,small,21045248,6791168,14254080,67.73,42,34,19b9a57b8ec407e0,7f2522e67c49c843
wget,small,602112,630784,-28672,-4.76,2,2,d8bb2eebdd9fe1f0,11ced97a0ec073b1
zstd,small,864256,897024,-32768,-3.79,1,1,a04083d454151b44,f9dc6da3ed049056
