module,kind,delta_mb,monolithic_mb,saving_pct
cuda-runtime,real,680.2,721.9,5.8
nvidia-driver-535,real,231.6,273.3,15.3
rust,real,175.5,217.2,19.2
java,real,141.6,183.3,22.8
llvm,real,128.2,169.9,24.6
gcc,real,84.0,125.7,33.2
docker,real,83.1,124.8,33.4
postgres,real,82.1,123.9,33.7
mysql,real,56.6,98.3,42.4
emacs,real,37.0,78.7,53.0
apache,real,28.1,69.8,59.7
pytools,real,25.8,67.6,61.7
webserver,real,21.0,62.8,66.5
vim,real,18.1,59.8,69.7
git,real,17.1,58.9,70.9
dnsutils,real,16.0,57.7,72.3
pipdemo,synthetic,15.5,57.2,72.9
pgclient,real,12.1,53.8,77.6
jq,real,10.4,52.2,80.0
memcached,real,10.3,52.0,80.3
pyyaml,real,10.1,51.9,80.4
gawk,real,3.1,44.8,93.1
mta-msmtp,real,2.6,44.3,94.2
sqlite,real,1.9,43.6,95.6
redis,real,1.7,43.4,96.2
control-oldsnap,control,1.6,43.4,96.2
curl,real,1.6,43.4,96.2
tcpdump,real,1.1,42.8,97.5
zstd,real,0.9,42.6,98.0
tmux,real,0.7,42.5,98.2
rsync,real,0.7,42.4,98.4
socat,real,0.6,42.3,98.5
wget,real,0.6,42.3,98.6
mta-nullmailer,real,0.5,42.2,98.9
htop,real,0.4,42.1,99.1
nc-openbsd,real,0.3,42.0,99.3
original-awk,real,0.3,42.0,99.3
nc-traditional,real,0.3,42.0,99.4
fake-nvidia-driver,synthetic,0.2,41.9,99.5
fake-cuda,synthetic,0.2,41.9,99.5
