module,kind,requested_packages,artefact_bytes,package_count,uid_start,uid_end,provokes,built_utc,status
apache,real,apache2,28106752,31,2700,2799,runtime-port,2026-09-18T13:10:56Z,built
control-oldsnap,control (snapshot 20250401T000000Z),curl,1638400,10,3200,3299,positive-control,2026-09-18T13:11:03Z,built
cuda-runtime,real,libcudart11.0 libcublas11 libcufft10 libcurand10 libcusolver11 libcusparse11 libnvrtc11.2 libnvblas11 libnvtoolsext1,680222720,11,5900,5999,scale,2026-09-18T22:58:44Z,built
curl,real,curl,1638400,10,3300,3399,benign-overlap,2026-09-18T22:45:19Z,built
dnsutils,real,bind9-dnsutils,15966208,12,4400,4499,benign-overlap,2026-09-18T13:11:06Z,built
docker,real,docker.io,83091456,13,5400,5499,service-account,2026-09-18T13:11:02Z,built
emacs,real,emacs-nox,37015552,13,2100,2199,alternatives,2026-09-18T13:10:55Z,built
fake-cuda,synthetic,sl,212992,1,5600,5699,module-dependency,2026-09-18T13:11:03Z,built
fake-nvidia-driver,synthetic,hello,229376,1,5500,5599,module-dependency,2026-09-18T13:11:03Z,built
gawk,real,gawk,3108864,5,2200,2299,alternatives,2026-09-18T13:10:55Z,built
gcc,real,build-essential,83996672,47,4800,4899,scale,2026-09-18T13:10:58Z,built
git,real,git,17137664,18,3500,3599,benign-overlap,2026-09-18T13:11:04Z,built
htop,real,htop,397312,3,3900,3999,benign-overlap,2026-09-18T13:11:05Z,built
java,real,default-jdk-headless,141619200,31,4900,4999,scale,2026-09-18T13:10:59Z,built
jq,real,jq moreutils,565248,3,3600,3699,benign-overlap,2026-09-18T22:45:38Z,built
llvm,real,llvm clang,128155648,47,5100,5199,shared-toolchain,2026-09-18T13:11:00Z,built
memcached,real,memcached,10264576,9,4700,4799,benign-overlap,2026-09-18T13:11:07Z,built
mta-msmtp,real,msmtp-mta,2551808,10,2800,2899,virtual-provider,2026-09-18T13:10:57Z,built
mta-nullmailer,real,nullmailer,479232,1,2900,2999,virtual-provider,2026-09-18T13:10:57Z,built
mysql,real,mariadb-server,56569856,39,5300,5399,service-account,2026-09-18T13:11:02Z,built
nc-openbsd,real,netcat-openbsd,307200,3,2400,2499,diversions,2026-09-18T13:10:55Z,built
nc-traditional,real,netcat-traditional,262144,1,2500,2599,diversions,2026-09-18T13:10:56Z,built
nvidia-driver-535,real,linux-objects-nvidia-535-5.15.0-185-generic nvidia-kernel-common-535 libnvidia-compute-535 nvidia-utils-535,231550976,12,5800,5899,scale,2026-09-18T22:56:48Z,built
original-awk,real,original-awk,278528,1,2300,2399,alternatives,2026-09-18T13:10:55Z,built
pgclient,real,postgresql-client,12075008,15,4500,4599,benign-overlap,2026-09-18T13:11:07Z,built
pipdemo,synthetic,python3-pip,15507456,19,5700,5799,dpkg-blindness,2026-09-18T13:11:03Z,built
postgres,real,postgresql,82132992,29,5200,5299,service-account,2026-09-18T13:11:01Z,built
pytools,real,python3-numpy python3-pip,25845760,24,3000,3099,base-upgrade,2026-09-18T13:10:57Z,built
pyyaml,real,python3-yaml,10149888,15,3100,3199,benign-overlap,2026-09-18T13:10:58Z,built
redis,real,redis-server,1658880,8,4600,4699,runtime-port,2026-09-18T13:11:07Z,built
rsync,real,rsync,684032,2,3700,3799,benign-overlap,2026-09-18T13:11:05Z,built
rust,real,rustc cargo,175460352,45,5000,5099,shared-toolchain,2026-09-18T13:10:59Z,built
socat,real,socat,622592,2,4000,4099,benign-overlap,2026-09-18T13:11:05Z,built
sqlite,real,sqlite3,1900544,4,4200,4299,benign-overlap,2026-09-18T13:11:06Z,built
tcpdump,real,tcpdump,1060864,3,4300,4399,benign-overlap,2026-09-18T13:11:06Z,built
tmux,real,tmux,749568,3,3800,3899,benign-overlap,2026-09-18T13:11:05Z,built
vim,real,vim,18112512,15,2000,2099,alternatives,2026-09-18T13:10:54Z,built
webserver,real,nginx,21045248,42,2600,2699,runtime-port,2026-09-18T13:10:56Z,built
wget,real,wget,602112,2,3400,3499,benign-overlap,2026-09-18T13:11:04Z,built
zstd,real,zstd,864256,1,4100,4199,benign-overlap,2026-09-18T22:45:52Z,built
