module,bytes,sqsh_mtime_utc,manifest_mtime_utc,artefact_sha256_recorded,freshness
apache,28106752,2026-09-16 16:32:02Z,2026-09-22 20:35:44Z,347c50614a3ab54b664ef6eda0470afadcdb5d95ce9c6d278752be6c4b410c36,ok
base,41717760,2026-09-16 14:44:32Z,2026-09-22 20:35:41Z,e4fbed70bb74f351b7ad27dd61289845dccabf54fc23d6504b2011dc8d8de6c6,ok
control-oldsnap,1638400,2026-09-16 16:41:19Z,2026-09-22 20:35:52Z,adb8b5d8d6f6a2fb14ae35d8f5d752d3a448cdc933f603abd3785eef323d2ced,ok
cuda-runtime,680222720,2026-09-18 22:58:43Z,2026-09-22 20:36:00Z,67ff5ff917c2dd336e9a8900dbfbeb6f74e493575461f8be00b797e67832359d,ok
curl,1638400,2026-09-22 21:34:04Z,2026-09-22 21:34:04Z,fcdcd6491253b6a2d36d4bba2b6f2527e0e1520e45105d46399849d5cf05e7ca,ok
dnsutils,15966208,2026-09-17 07:46:41Z,2026-09-22 20:35:56Z,cda4b86e98f3bab11dbe0d4aad318f1b1f74350a0c80e9707d49931ae22fa497,ok
docker,83091456,2026-09-16 16:40:08Z,2026-09-22 20:35:51Z,b75af5dc84b1590be645c242833031535229189f852010ad0c2af6ae2669a628,ok
emacs,37015552,2026-09-22 21:38:59Z,2026-09-22 21:39:00Z,2d5f6e3b85e7d60e0ff46a0aa092d6c0cc7393d75e2f435fd82e714a95c00cab,ok
fake-cuda,212992,2026-09-16 16:40:32Z,2026-09-22 20:35:51Z,e03ed2d834a1b5980b2f0ddd823b3a0ebbf007fe05bc9867c92a1683a5c059ad,ok
fake-nvidia-driver,229376,2026-09-16 16:40:20Z,2026-09-22 20:35:51Z,19149cd3943a2213a4808664d33a25b49521808682b78e4a1d2a9f6b31c47027,ok
gawk,3108864,2026-09-16 16:30:05Z,2026-09-22 20:35:42Z,49fa07f28437b2affcfa020a0c93620a8af945a7aedde7a57645237146dcae0d,ok
gcc,83996672,2026-09-16 16:34:34Z,2026-09-22 20:35:46Z,b473524857620bb3348fa193f11823e06c872a08aa22ec12b0d5c4d597c8a01b,ok
git,17137664,2026-09-17 07:37:56Z,2026-09-22 20:35:53Z,284dfa25111dde4c336c70494f54be1898d06641ec57bebaa0147d7017b84a27,ok
htop,397312,2026-09-17 07:41:27Z,2026-09-22 20:35:54Z,2d9db241f23d70bdced8c132577e51fb44d23444ce47f6a311226defe58cfc26,ok
java,141619200,2026-09-16 16:35:27Z,2026-09-22 20:35:47Z,6410d3eea6a6276f22b5fcfd7c0eb7cb09d6ec0633663eaf1d350903bb908ee9,ok
jq,10432512,2026-09-22 21:36:26Z,2026-09-22 21:36:26Z,fe04293019f9883847f03f2d002fb6c41cb2f70fd49c21002e1c4afaf8ecfac1,ok
llvm,128155648,2026-09-16 16:37:43Z,2026-09-22 20:35:49Z,96a8f7b794a5224e07691596cdd89a8dfff3d36a3cdc1aa25a9e8ff1a9d4d615,ok
memcached,10264576,2026-09-17 07:49:13Z,2026-09-22 20:35:57Z,6a77a8e3c10c2c807fab40b8c4fc0bbead54c7de4baa75ba40b94578f94614d2,ok
mta-msmtp,2551808,2026-09-16 16:32:23Z,2026-09-22 20:35:44Z,6ea8f99ba8be01d5cbec65cff49105d3297b36a9d20757231a5a3cab5c40b72d,ok
mta-nullmailer,479232,2026-09-16 16:32:44Z,2026-09-22 20:35:45Z,1beac7cc14d16c8c2f2f3722a78443739829cd51a736e3b50d395072c6f3eb4f,ok
mysql,56569856,2026-09-16 16:39:31Z,2026-09-22 20:35:50Z,a1bdf8554b7ab1f957442cf2d9249b6b551558b4f9d248c92fe37007fd950e98,ok
nc-openbsd,307200,2026-09-16 16:30:43Z,2026-09-22 20:35:43Z,51ec73e3a4274608c408ba1b676aa09c95c1e98681dbaa73666d312c330d68f7,ok
nc-traditional,262144,2026-09-22 21:46:29Z,2026-09-22 21:46:29Z,1e8b44408b05f0692727ebd11ec1ce694a279eae9f23e3e377a580585512f186,ok
nvidia-driver-535,231550976,2026-09-18 22:56:47Z,2026-09-22 20:35:58Z,285a0e40d8023b5713b3ae41014c01c75655e69f9108bcbbe38a1ed3bc2deb0f,ok
original-awk,278528,2026-09-16 16:30:30Z,2026-09-22 20:35:42Z,4f3b77bd58440c62a0ddfdb8c1f4797d476bb199c6c9bd7a787671369bbb72c2,ok
pgclient,12075008,2026-09-17 07:47:11Z,2026-09-22 20:35:56Z,6e34047b9f800f4466e70df4a866c3e340e20b1583068fd7fd02442811dd64eb,ok
pipdemo,15507456,2026-09-16 16:40:58Z,2026-09-22 20:35:52Z,5f3842204b6c4c4931332b481692f8678abdd8858e38e5060954d21d2956f6c5,ok
postgres,82132992,2026-09-16 16:38:44Z,2026-09-22 20:35:49Z,df49be4ea6b21ae7e53a8e480d6a5752c627f76206aef1de2053de40aeb91119,ok
pytools,25845760,2026-09-22 21:43:59Z,2026-09-22 21:44:00Z,25e287372a34426ba2348c4b8a738463761514b2b73460abc267823d0e9cd0ff,ok
pyyaml,10149888,2026-09-16 16:33:36Z,2026-09-22 20:35:45Z,805bbd83360322eaa913ef4dd3d26a4685bd6a29abd600380b65395228223f70,ok
redis,1658880,2026-09-17 07:47:32Z,2026-09-22 20:35:57Z,73c3ee44c1a31edcbd341c1e28be71c56b92dec3c9d78bbf38ac9eb0b3d2f4bf,ok
rsync,684032,2026-09-17 07:40:10Z,2026-09-22 20:35:54Z,b0c66935f5fe976d75325faee5610812080790ed03cfe2b6bb95207bcce33008,ok
rust,175460352,2026-09-16 16:36:38Z,2026-09-22 20:35:48Z,c8b6f9d25b640b1a9ecc1f9a7eaacffcca7d8c1dd7a50d535283ac7f8e7862db,ok
socat,622592,2026-09-17 07:41:43Z,2026-09-22 20:35:55Z,6237bcd1cc0bf15a09991347334ff92dd5711b453a1cdaa4218d4682e1f7907d,ok
sqlite,1900544,2026-09-17 07:43:37Z,2026-09-22 20:35:55Z,6dfca056627c1cf7a177da0c2faaf08d2f9cd30d6fe9307d424140432af8c365,ok
tcpdump,1060864,2026-09-17 07:44:59Z,2026-09-22 20:35:56Z,f1dbbf104b17db8d0ee383614a62e16279356d8146690db1d8b4872e030b5e00,ok
tmux,749568,2026-09-17 07:40:59Z,2026-09-22 20:35:54Z,aad7901204b376a8c908c2852f38b30f3decd50a5b960ea2d363858ceff468ae,ok
vim,18112512,2026-09-16 16:29:11Z,2026-09-22 20:35:41Z,e4de49694062fcb5db6f5d1d402167edaeb3dcfd079ce6d03f38cb9407a935f1,ok
webserver,21045248,2026-09-22 21:41:27Z,2026-09-22 21:41:27Z,d9e9c8c28d5ca718a94000f1c63deaf93f070e36a0673e497afb89e22fc4713b,ok
wget,602112,2026-09-17 07:36:26Z,2026-09-22 20:35:53Z,d8bb2eebdd9fe1f0f40c8e194e06b95583ac937bab70d2af03302ef9e42f58b7,ok
zstd,864256,2026-09-18 22:45:52Z,2026-09-22 20:35:55Z,a04083d454151b4463363e9ac9391c5fd8ed91053bb9ec977ec34980f62d948a,ok
