table,chapter,path,role,exists,mtime_utc,sha256,bytes,catalogue_n
tier1,Evaluation,/srv/modfs/logs/combinations-gpu-full.csv,tier-1 sweep results,yes,2026-09-18 23:10:29Z,e80a12f6cfd6fb168c0bf8a9aa2ce475091654c6cf6bbe535e121173209f6fac,865885,40
tier2,Evaluation,/srv/modfs/logs/compose-sweep.csv,tier-2 sweep results,yes,2026-09-18 23:15:42Z,7cde08a6d62eb2cd2be367331ef9041791af26cf98be273d64c4ec6b9d977aa6,27749,39
tier3,Evaluation,/srv/modfs/results/boot/acct-mp-20260916T142443Z/run.json,tier-3 bundle: acct-mp-20260916T142443Z,yes,2026-09-16 14:24:43Z,928843be838390d30372f64eaea2d7e55e720c5536cd1ce6c887df632699b722,529,2
tier3,Evaluation,/srv/modfs/results/boot/acct-pm-20260916T134737Z/run.json,tier-3 bundle: acct-pm-20260916T134737Z,yes,2026-09-16 13:47:37Z,b0e070d325b9a39520ef7d0e6e26635b5c943efa9fcce3269e52591452637536,529,2
tier3,Evaluation,/srv/modfs/results/boot/acct-pm-20260916T135532Z/run.json,tier-3 bundle: acct-pm-20260916T135532Z,yes,2026-09-16 13:55:32Z,f632d0243464e177d0ee564ca3c6e714717317250198007f8cdacfafeb6faca5,529,2
tier3,Evaluation,/srv/modfs/results/boot/acct-pm-20260916T140556Z/run.json,tier-3 bundle: acct-pm-20260916T140556Z,yes,2026-09-16 14:05:56Z,c1df5f219aec3fcdba3170b8ad05c8ae3e691075bbfab35ec90de2935a907de0,529,2
tier3,Evaluation,/srv/modfs/results/boot/acct-pm-20260916T141529Z/run.json,tier-3 bundle: acct-pm-20260916T141529Z,yes,2026-09-16 14:15:29Z,ce40e769d8351814bd4070c1a6522e25a442b85aa648e01db6638e13fca70a86,529,2
tier3,Evaluation,/srv/modfs/results/boot/base-apache-curl-dnsutils-docker-emacs-fake-cuda-fake-nvidia-20260917T081459Z/run.json,tier-3 bundle: base-apache-curl-dnsutils-docker-emacs-fake-cuda-fake-nvidia-20260917T081459Z,yes,2026-09-17 08:14:59Z,4a715748302ba49ac2add0160652101828935f5bdce0c7abd6b1f0aaeb2986a7,1668,36
tier3,Evaluation,/srv/modfs/results/boot/base-apache-curl-dnsutils-docker-emacs-fake-cuda-fake-nvidia-20260917T081715Z/run.json,tier-3 bundle: base-apache-curl-dnsutils-docker-emacs-fake-cuda-fake-nvidia-20260917T081715Z,yes,2026-09-17 08:17:15Z,2e5d4615966767e9273ce268b2dd9ac32a19ed5106b5b6f3b4f3d0f9c72fd1be,1668,36
tier3,Evaluation,/srv/modfs/results/boot/gpu-stack-20260918T231701Z/run.json,tier-3 bundle: gpu-stack-20260918T231701Z,yes,2026-09-18 23:17:01Z,4a607c3fcd38925e6c5436dd033adfe6c85c338338c74aed3e92afedda4ccbe8,567,2
tier3,Evaluation,/srv/modfs/results/boot/gpu-stack-20260918T231943Z/run.json,tier-3 bundle: gpu-stack-20260918T231943Z,yes,2026-09-18 23:19:43Z,77f0091879969c0e9ef3b20b097d05c65f5b1465f866f571222c27995d32a45a,567,2
tier3,Evaluation,/srv/modfs/results/boot/m1-nginx-20260903T074039Z/run.json,tier-3 bundle: m1-nginx-20260903T074039Z,yes,2026-09-03 07:40:39Z,7f1e156f76bb775505b0bf3a79eca1dececaa90c05aa532a8f15b8223db8bce9,508,1
tier3,Evaluation,/srv/modfs/results/boot/m1-nginx-20260903T075510Z/run.json,tier-3 bundle: m1-nginx-20260903T075510Z,yes,2026-09-03 07:55:10Z,c2718ec24bea37a2dceba7a594a22723d1e1c2adab6cfece3524319f13da914b,508,1
tier3,Evaluation,/srv/modfs/results/boot/m1-nginx-20260903T080001Z/run.json,tier-3 bundle: m1-nginx-20260903T080001Z,yes,2026-09-03 08:00:01Z,d111855126d5c36272cb692e50f0f0065f2e4cf04701369af37accb0407c0d5e,508,1
tier3,Evaluation,/srv/modfs/results/boot/m2-apache-20260903T074546Z/run.json,tier-3 bundle: m2-apache-20260903T074546Z,yes,2026-09-03 07:45:46Z,ec5dafe4d1a554e25b3db7e3ca2132577bbf65b3b582711cdc6be46067ba5fd6,505,1
tier3,Evaluation,/srv/modfs/results/boot/m2-apache-20260903T080409Z/run.json,tier-3 bundle: m2-apache-20260903T080409Z,yes,2026-09-03 08:04:09Z,62a5fdd3725bec4bc66b1c0b7209640f17b492b4301e88955d7ec3a305828af0,505,1
tier3,Evaluation,/srv/modfs/results/boot/m2-apache-20260903T081752Z/run.json,tier-3 bundle: m2-apache-20260903T081752Z,yes,2026-09-03 08:17:52Z,9617b9fb288cf6b7b6a9045bfb4886206d2ccc2b2629a1f82aab67e8cc7de056,505,1
tier3,Evaluation,/srv/modfs/results/boot/m3-nginx-apache-20260903T080746Z/run.json,tier-3 bundle: m3-nginx-apache-20260903T080746Z,yes,2026-09-03 08:07:46Z,d02cbfc97e15d9d6465c899879b8983ad77679fcc7c182b203ff2d7a3ca8ef0f,557,2
tier3,Evaluation,/srv/modfs/results/boot/m4-apache-nginx-20260903T081112Z/run.json,tier-3 bundle: m4-apache-nginx-20260903T081112Z,yes,2026-09-03 08:11:12Z,046502507f6b932615e9d2d1a48fe3f42b1d02ae53f1d6801b7087196cb5873c,557,2
tier3,Evaluation,/srv/modfs/results/boot/maxsub-20260916T154758Z/run.json,tier-3 bundle: maxsub-20260916T154758Z,yes,2026-09-16 15:47:58Z,decae7827facfd7e7d0a8b3ab815b8f663cf1a91aa9d3d50c60fbd9d6c8e8ac8,1506,36
tier3,Evaluation,/srv/modfs/results/boot/maxsub-20260917T075714Z/run.json,tier-3 bundle: maxsub-20260917T075714Z,yes,2026-09-17 07:57:14Z,d585ef04cdc4ac0b4943cadb1ca063e2e59944be5de791b87b00f9cd4d7fea45,1506,36
tier3,Evaluation,/srv/modfs/results/boot/probes-20260918T123806Z/run.json,tier-3 bundle: probes-20260918T123806Z,yes,2026-09-18 12:38:06Z,720ab48fe32dbfec13bf38cc31905de9ac1b578d61d2c59f973ecb0dcbcf907b,1506,36
storage,Evaluation,/srv/modfs/modules/base.sqsh,base artefact,yes,2026-09-16 14:44:32Z,e4fbed70bb74f351b7ad27dd61289845dccabf54fc23d6504b2011dc8d8de6c6,41717760,40
storage,Evaluation,/srv/modfs/modules/curl-monolithic.sqsh,real monolithic build,yes,2026-09-16 15:10:06Z,94660cd125358bc8de5fd695c6bec7037a537524fde5c71ae519d04149188a08,42967040,
storage,Evaluation,/srv/modfs/modules/emacs-monolithic.sqsh,real monolithic build,yes,2026-09-16 15:33:05Z,997f930bf147ab6464f6fccf59066591710359854d0c322e0eee6ef9d417c252,78331904,
storage,Evaluation,/srv/modfs/modules/jq-monolithic.sqsh,real monolithic build,yes,2026-09-16 15:19:27Z,7648b60bbe8e00221ac807d561608721bd85594dacaff69b1f2430766c99a4fe,41885696,
storage,Evaluation,/srv/modfs/modules/nc-traditional-monolithic.sqsh,real monolithic build,yes,2026-09-16 15:22:59Z,63ba7a9ae8e427f3f6227361d0b3e00e3eaf006988e4b30e983c764eb22e5c6f,41586688,
storage,Evaluation,/srv/modfs/modules/pytools-monolithic.sqsh,real monolithic build,yes,2026-09-16 15:30:17Z,1973a875c3449e063af2fc4b505f0dd51974e66be75058774bb05bdd0fdc30cb,67395584,
storage,Evaluation,/srv/modfs/modules/webserver-monolithic.sqsh,real monolithic build,yes,2026-09-16 15:26:28Z,09b7875bb989dbe281d12306cf761ab2d9ec46c4279c16cd6c4513f52c3f641e,62251008,
catalogue,Implementation,/home/kaptan/modfs-evidence/specs/modules.yaml,module catalogue (source of truth),yes,2026-09-21 02:46:37Z,c18fd234ff114c90728945ea24e2992123a2df8f3bf46c19b2bacdc7847db86c,22813,40
catalogue,Implementation,/home/kaptan/modfs-evidence/specs/uid-ranges.yaml,UID window assignments,yes,2026-09-21 02:46:37Z,34527a86e4180633ab407f5d63ba80aab4bb312515e69b87064aa5a3518d682c,2424,40
