n,samples,packages,alt_groups,debconf_records,mount_ms_mean,reconcile_ms_mean,total_ms_mean,verify_ms_mean
2,30,117–178,5–38,90–114,39,192,231,245
3,30,120–187,5–17,90–156,50,206,256,277
5,20,131–216,5–52,90–156,68,258,325,381
10,10,174–271,7–49,90–156,122,389,512,550
15,10,224–300,12–54,100–164,161,496,658,783
20,10,225–346,14–68,112–172,204,599,803,1034
25,10,302–371,26–67,120–166,253,711,964,1243
27,10,325–378,29–67,114–174,277,744,1021,1349
30,10,334–376,25–67,112–174,296,767,1063,1372
33,6,362–390,34–68,118–168,334,806,1139,1482
35,4,383–403,35–68,172–174,362,844,1207,1601
38,2,401–408,68,168–174,408,952,1360,1730
